species,web_local,mode
Protopterus_annectens,data/assemblies/GCF_019279795.1_PAN1.0_protein.faa,protein
Acanthisitta_chloris,web=GCA_000695815.1
Acanthochaenus_luetkenii,web=GCA_900312575.1
Acanthochromis_polyacanthus,web=GCA_002109545.1
Acanthopagrus_latus,web=GCA_904848185.1
Accipiter_gentilis,web=GCA_012487025.1
Acinonyx_jubatus,web=GCA_003709585.1
Acipenser_ruthenus,web=GCA_010645085.1
Acomys_russatus,web=GCA_903995435.1
Acridotheres_javanicus,web=GCA_002849675.1
Acrocephalus_arundinaceus,web=GCA_013398685.1
Actinemys_marmorata,web=GCA_009430475.1
Aegithalos_caudatus,web=GCA_013389925.1
Aegotheles_bennettii,web=GCA_013398125.1
Aeoliscus_strigatus,web=GCA_901007665.1
Aeorestes_cinereus,web=GCA_011751065.1
Aepyceros_melampus,web=GCA_006408695.1
Agapornis_roseicollis,web=GCA_002631895.1
Agelaius_tricolor,web=GCA_017165875.1
Ageneiosus_marmoratus,web=GCA_003347165.1
Ailuropoda_melanoleuca,web=GCA_002007445.2
Ailurus_fulgens_styani,web=GCA_002007465.1
Alauda_arvensis,web=GCA_902810485.1
Alaudala_cheleensis,web=GCA_013398995.1
Alca_torda,web=GCA_008658365.1
Alcelaphus_buselaphus,web=GCA_006408545.1
Alces_alces,web=GCA_007570765.1
Aleadryas_rufinucha,web=GCA_013397815.1
Alectura_lathami,web=GCA_013399715.1
Alligator_mississippiensis,web=GCA_000281125.4
Alopecoenas_beccarii,web=GCA_013399365.1
Alosa_alosa,web=GCA_017589495.1
Alouatta_palliata,web=GCA_004027835.1
Altolamprologus_compressiceps,web=GCA_015104655.1
Amazona_aestiva,web=GCA_017639355.1
Amblyraja_radiata,web=GCA_010909765.2
Ambystoma_mexicanum,web=GCA_002915635.3
Ameiurus_melas,web=GCA_012411365.1
Amia_calva,web=GCA_017591415.1
Ammotragus_lervia,web=GCA_002201775.1
Amphilophus_citrinellus,web=GCA_013435755.1
Amphiprion_percula,web=GCA_003047355.2
Anabarilius_grahami,web=GCA_003731715.1
Anabas_testudineus,web=GCA_900324465.3
Anableps_anableps,web=GCA_014839685.1
Anarrhichthys_ocellatus,web=GCA_004355925.1
Anas_platyrhynchos,web=GCA_015476345.1
Andinoacara_biseriatus,web=GCA_015108635.1
Anguilla_japonica,web=GCA_003597225.1
Anhinga_rufa,web=GCA_013400875.1
Anodorhynchus_hyacinthinus,web=GCA_009936445.1
Anolis_carolinensis,web=GCA_000090745.2
Anomalopteryx_didiformis,web=GCA_006937325.1
Anoplogaster_cornuta,web=GCA_900683385.1
Anoplopoma_fimbria,web=GCA_000499045.2
Anoura_caudifer,web=GCA_004027475.1
Anseranas_semipalmata,web=GCA_013399115.1
Anser_cygnoides,web=GCA_013030995.1
Antechinus_stuartii,web=GCA_016696395.1
Antennarius_maculatus,web=GCA_013358685.1
Anthochaera_phrygia,web=GCA_009430485.1
Anthoscopus_minutus,web=GCA_013399455.1
Antidorcas_marsupialis,web=GCA_006408585.1
Antigone_vipio,web=GCA_012488435.1
Antilocapra_americana,web=GCA_007570785.1
Antrostomus_carolinensis,web=GCA_000700745.1
Antrozous_pallidus,web=GCA_007922775.1
Aotus_nancymaae,web=GCA_000952055.2
Apaloderma_vittatum,web=GCA_000703405.1
Apalone_spinifera,web=GCA_000385615.1
Aphelocoma_coerulescens,web=GCA_013398375.1
Aphyosemion_australe,web=GCA_006937985.1
Apistogramma_diplotaenia,web=GCA_015052665.1
Aplochiton_taeniatus,web=GCA_017639675.1
Aplodontia_rufa,web=GCA_004027875.1
Apodemus_sylvaticus,web=GCA_001305905.1
Aptenodytes_patagonicus,web=GCA_010087175.1
Apteryx_rowi,web=GCA_003343035.1
Aquila_chrysaetos_chrysaetos,web=GCA_900496995.4
Ara_macao,web=GCA_000400695.1
Aramus_guarauna,web=GCA_013400195.1
Arapaima_gigas,web=GCA_900497675.1
Aratinga_solstitialis,web=GCA_902168055.1
Archocentrus_centrarchus,web=GCA_007364275.2
Arctocephalus_gazella,web=GCA_900642305.1
Arctogadus_glacialis,web=GCA_900303235.1
Ardeotis_kori,web=GCA_013396375.1
Arenaria_interpres,web=GCA_013399435.1
Argyrosomus_japonicus,web=GCA_015710095.1
Arothron_firmamentum,web=GCA_016586285.1
Artibeus_jamaicensis,web=GCA_014825515.1
Arvicanthis_niloticus,web=GCA_011762505.1
Arvicola_amphibius,web=GCA_903992535.2
Asarcornis_scutulata,web=GCA_013398475.1
Aspidoscelis_marmoratus,web=GCA_014337955.1
Astatoreochromis_straeleni,web=GCA_015109875.1
Astatotilapia_stappersii,web=GCA_015110235.1
Astyanax_mexicanus,web=GCA_000372685.2
Ateles_geoffroyi,web=GCA_004024785.1
Athene_cunicularia,web=GCA_003259725.1
Atlantisia_rogersi,web=GCA_013401215.1
Atractosteus_spatula,web=GCA_016984175.1
Atrichornis_clamosus,web=GCA_013400975.1
Aulonocranus_dewindti,web=GCA_015102295.1
Australoheros_scitulus,web=GCA_015108615.1
Austrofundulus_limnaeus,web=GCA_001266775.1
Axis_porcinus,web=GCA_003798545.1
Aythya_fuligula,web=GCA_009819795.1
Bagarius_yarrelli,web=GCA_005784505.1
Baileychromis_centropomoides,web=GCA_015107735.1
Balaeniceps_rex,web=GCA_013401315.1
Balaenoptera_musculus,web=GCA_009873245.3
Balearica_regulorum_gibbericeps,web=GCA_000709895.1
Bambusicola_thoracicus,web=GCA_002909625.1
Baryphthengus_martii,web=GCA_013396935.1
Bathybates_vittatus,web=GCA_015107455.1
Bathygadus_melanobranchus,web=GCA_900302375.1
Beatragus_hunteri,web=GCA_004027495.1
Benitochromis_conjunctus,web=GCA_015052645.1
Benthochromis_melanoides,web=GCA_015102775.1
Benthosema_glaciale,web=GCA_900323375.1
Beryx_splendens,web=GCA_900312565.1
Betta_splendens,web=GCA_900634795.3
Bison_bison_bison,web=GCA_000754665.1
Boleophthalmus_pectinirostris,web=GCA_000788275.1
Bombina_variegata_variegata,web=GCA_905336975.1
Bombycilla_garrulus,web=GCA_013400315.1
Boreogadus_saida,web=GCA_900302515.1
Borostomias_antarcticus,web=GCA_900323325.1
Bos_indicus_x_Bos_taurus,web=GCA_003369695.2
Boulengerochromis_microlepis,web=GCA_015107555.1
Brachirus_orientalis,web=GCA_016785285.1
Brachypodius_atriceps,web=GCA_013398615.1
Brachypteracias_leptosomus,web=GCA_013401335.1
Bradypus_variegatus,web=GCA_004027775.1
Branta_canadensis,web=GCA_006130075.1
Bregmaceros_cantori,web=GCA_900302395.1
Brevimyrus_niger,web=GCA_015164015.1
Brosme_brosme,web=GCA_900302425.1
Brotula_barbata,web=GCA_900303265.1
Bubalus_bubalis,web=GCA_003121395.1
Bubo_scandiacus,web=GCA_017315185.1
Bucco_capensis,web=GCA_013396975.1
Buceros_rhinoceros_silvestris,web=GCA_000710305.1
Bucorvus_abyssinicus,web=GCA_009769605.1
Bufo_bufo,web=GCA_905171765.1
Bujurquina_vittata,web=GCA_015106715.1
Buphagus_erythrorhynchus,web=GCA_013400855.1
Burhinus_oedicnemus,web=GCA_008921705.1
Buteo_japonicus,web=GCA_010312235.1
Cairina_moschata,web=GCA_018104995.1
Calcarius_ornatus,web=GCA_013397715.1
Calidris_pugnax,web=GCA_001431845.1
Callaeas_wilsoni,web=GCA_013398955.1
Callionymus_lyra,web=GCA_016630915.1
Callipepla_squamata,web=GCA_002218305.1
Callithrix_jacchus,web=GCA_009663435.2
Callochromis_pleurospilus,web=GCA_015110035.1
Callopanchax_toddi,web=GCA_006937965.1
Callorhinchus_milii,web=GCA_000165045.2
Callorhinus_ursinus,web=GCA_003265705.1
Caloenas_nicobarica,web=GCA_013398195.1
Calonectris_borealis,web=GCA_013401115.1
Calypte_anna,web=GCA_003957555.2
Calyptomena_viridis,web=GCA_013390005.1
Camarhynchus_parvulus,web=GCA_901933205.1
Camelus_dromedarius,web=GCA_000803125.3
Campylorhamphus_procurvoides,web=GCA_013396655.1
Canis_lupus,web=GCA_905319855.2
Capra_hircus,web=GCA_001704415.1
Capreolus_pygargus,web=GCA_012922965.1
Capromys_pilorides,web=GCA_004027915.1
Caracal_caracal,web=GCA_016801355.1
Carapus_acus,web=GCA_900312935.1
Carassius_auratus,web=GCA_003368295.1
Carcharodon_carcharias,web=GCA_017639515.1
Cardinalis_cardinalis,web=GCA_014549065.1
Cardiopharynx_schoutedeni,web=GCA_015109795.1
Carettochelys_insculpta,web=GCA_007922185.1
Cariama_cristata,web=GCA_000690535.1
Carlito_syrichta,web=GCA_000164805.2
Carollia_perspicillata,web=GCA_004027735.1
Castor_canadensis,web=GCA_001984765.1
Casuarius_casuarius,web=GCA_003342895.1
Catagonus_wagneri,web=GCA_004024745.2
Cathartes_aura,web=GCA_000699945.1
Catharus_ustulatus,web=GCA_009819885.2
Cavia_tschudii,web=GCA_004027695.1
Cebidichthys_violaceus,web=GCA_008087265.1
Cebus_imitator,web=GCA_001604975.1
Centrocercus_minimus,web=GCA_005890655.1
Centropus_unirufus,web=GCA_013397695.1
Cephalophus_harveyi,web=GCA_006410635.1
Cephalopterus_ornatus,web=GCA_013396775.1
Cepphus_grylle,web=GCA_013401065.1
Ceratotherium_simum_simum,web=GCA_000283155.1
Cercocebus_atys,web=GCA_000955945.1
Cercopithecus_neglectus,web=GCA_004027615.1
Cercotrichas_coryphoeus,web=GCA_013398595.1
Certhia_familiaris,web=GCA_013398575.1
Cervus_hanglu_yarkandensis,web=GCA_010411085.1
Cettia_cetti,web=GCA_013401135.1
Ceuthmochares_aereus,web=GCA_013398935.1
Ceyx_cyanopectus,web=GCA_013401355.1
Chaenocephalus_aceratus,web=GCA_900302675.1
Chaenogobius_annularis,web=GCA_015082035.1
Chaetophractus_vellerosus,web=GCA_004027955.1
Chaetops_frenatus,web=GCA_013400775.1
Chaetorhynchus_papuensis,web=GCA_013396525.1
Chaetura_pelagica,web=GCA_000747805.1
Chalinochromis_popelini,web=GCA_015103555.1
Channa_argus,web=GCA_004786185.1
Chanos_chanos,web=GCA_902362185.1
Charadrius_vociferus,web=GCA_000708025.2
Chascanopsetta_lugubris,web=GCA_016785325.1
Chatrabus_melanurus,web=GCA_900302635.1
Chauna_torquata,web=GCA_013399475.1
Cheirogaleus_medius,web=GCA_008086735.1
Chelmon_rostratus,web=GCA_017976325.1
Chelonia_mydas,web=GCA_015237465.2
Chelonoidis_abingdonii,web=GCA_003597395.1
Chelydra_serpentina,web=GCA_007922165.1
Chiloscyllium_punctatum,web=GCA_003427335.1
Chinchilla_lanigera,web=GCA_000276665.1
Chionis_minor,web=GCA_013398295.1
Chionodraco_myersi,web=GCA_009756435.1
Chiroxiphia_lanceolata,web=GCA_009829145.1
Chlamydotis_macqueenii,web=GCA_000695195.1
Chloebia_gouldiae,web=GCA_003676055.1
Chlorocebus_sabaeus,web=GCA_015252025.1
Chloroceryle_aenea,web=GCA_013399075.1
Chlorodrepanis_virens,web=GCA_003286495.1
Chloropsis_hardwickii,web=GCA_013390065.1
Choloepus_didactylus,web=GCA_015220235.1
Chordeiles_acutipennis,web=GCA_013399635.1
Chroicocephalus_maculipennis,web=GCA_013397655.1
Chromis_chromis,web=GCA_900302755.1
Chrysemys_picta,web=GCA_011386835.1
Chrysochloris_asiatica,web=GCA_000296735.1
Chrysolophus_pictus,web=GCA_003413605.1
Chunga_burmeisteri,web=GCA_013396505.1
Ciccaba_nigrolineata,web=GCA_013396715.1
Cicinnurus_regius,web=GCA_003713305.1
Ciconia_maguari,web=GCA_017639555.1
Cinclus_mexicanus,web=GCA_013399935.1
Circaetus_pectoralis,web=GCA_013399555.1
Cirrhinus_molitorella,web=GCA_004028445.1
Cisticola_juncidis,web=GCA_013400215.1
Clarias_magur,web=GCA_013621035.1
Climacteris_rufus,web=GCA_013398175.1
Clupea_harengus,web=GCA_900700415.2
Cnemophilus_loriae,web=GCA_013397755.1
Cochlearius_cochlearius,web=GCA_013396365.1
Coilia_nasus,web=GCA_007927625.1
Colaptes_auratus,web=GCA_015227895.1
Colinus_virginianus,web=GCA_008692595.2
Colistium_nudipinnis,web=GCA_016785305.1
Colius_striatus,web=GCA_000690715.1
Collichthys_lucidus,web=GCA_004119915.2
Colobus_angolensis_palliatus,web=GCA_000951035.1
Coloeus_monedula,web=GCA_013407035.1
Colossoma_macropomum,web=GCA_904425465.1
Columba_livia,web=GCA_000337935.2
Columbina_picui,web=GCA_013397635.1
Condylura_cristata,web=GCA_000260355.1
Connochaetes_taurinus,web=GCA_006408615.1
Copsychus_sechellarum,web=GCA_013398635.1
Coptodon_rendalli,web=GCA_015108555.1
Corapipo_altera,web=GCA_003945725.1
Coregonus_lavaretus,web=GCA_905477555.1
Coreoperca_whiteheadi,web=GCA_011952105.1
Corvus_moneduloides,web=GCA_009650955.1
Coryphaenoides_rupestris,web=GCA_002895965.2
Corythaeola_cristata,web=GCA_013396815.1
Corythaixoides_concolor,web=GCA_013399495.1
Cottoperca_gobio,web=GCA_900634415.1
Cottus_rhenanus,web=GCA_001455555.1
Coturnix_japonica,web=GCA_001577835.2
Craseonycteris_thonglongyai,web=GCA_004027555.1
Cricetomys_gambianus,web=GCA_004027575.1
Cricetulus_griseus,web=GCA_000223135.1
Crocidura_indochinensis,web=GCA_004027635.1
Crocodylus_porosus,web=GCA_001723895.1
Crocuta_crocuta,web=GCA_008692635.1
Cromileptes_altivelis,web=GCA_013133815.1
Crotalus_viridis_viridis,web=GCA_003400415.2
Crotophaga_sulcirostris,web=GCA_013397455.1
Cryptoprocta_ferox,web=GCA_004023885.1
Crypturellus_undulatus,web=GCA_013389825.1
Ctenochromis_horei,web=GCA_015103775.1
Ctenodactylus_gundi,web=GCA_004027205.1
Ctenomys_sociabilis,web=GCA_004027165.1
Cuculus_canorus,web=GCA_000709325.1
Culter_alburnus,web=GCA_009869775.1
Cuniculus_paca,web=GCA_004365215.1
Cunningtonia_longiventralis,web=GCA_015106375.1
Cuora_mccordi,web=GCA_003846335.1
Cyanistes_caeruleus,web=GCA_002901205.1
Cyanoderma_ruficeps,web=GCA_008694505.1
Cyathopharynx_furcifer,web=GCA_015103655.1
Cyclopterus_lumpus,web=GCA_009769545.1
Cygnus_olor,web=GCA_009769625.2
Cynoglossus_semilaevis,web=GCA_000523025.1
Cynomys_gunnisoni,web=GCA_011316645.1
Cynopterus_brachyotis,web=GCA_009793145.1
Cyphotilapia_gibberosa,web=GCA_015105655.1
Cyprichromis_zonatus,web=GCA_015052445.1
Cyprinodon_variegatus,web=GCA_000732505.1
Cyprinus_carpio,web=GCA_000951615.2
Cyttopsis_rosea,web=GCA_900302355.1
Dactylopterus_volitans,web=GCA_901007715.1
Dallia_pectoralis,web=GCA_016801195.1
Damaliscus_lunatus,web=GCA_006408505.1
Danio_kyathit,web=GCA_903798195.1
Danionella_translucida,web=GCA_007224835.1
Daphoenositta_chrysoptera,web=GCA_013397915.1
Dasyornis_broadbenti,web=GCA_013397935.1
Dasyprocta_punctata,web=GCA_004363535.1
Dasypus_novemcinctus,web=GCA_000208655.2
Datnioides_undecimradiatus,web=GCA_008933995.1
Daubentonia_madagascariensis,web=GCA_004027145.1
Delphinapterus_leucas,web=GCA_002288925.3
Dendrocopos_noguchii,web=GCA_004320165.1
Dendrolagus_dorianus_notatus,web=GCA_904810745.1
Denticeps_clupeoides,web=GCA_900700375.2
Dermatemys_mawii,web=GCA_007922305.1
Dermochelys_coriacea,web=GCA_009764565.4
Desmodus_rotundus,web=GCA_002940915.2
Dicaeum_eximium,web=GCA_013396995.1
Dicentrarchus_labrax,web=GCA_905237075.1
Dicerorhinus_sumatrensis_harrissoni,web=GCA_014189135.1
Diceros_bicornis,web=GCA_004027315.2
Dicrurus_megarhynchus,web=GCA_013399195.1
Dinomys_branickii,web=GCA_004027595.1
Diphyllodes_magnificus,web=GCA_003713285.1
Diplodus_sargus,web=GCA_903131615.1
Dipodomys_stephensi,web=GCA_004024685.1
Diretmoides_pauciradiatus,web=GCA_900660315.1
Diretmus_argenteus,web=GCA_900660295.1
Dissostichus_mawsoni,web=GCA_011823955.1
Dolichotis_patagonum,web=GCA_004027295.1
Donacobius_atricapilla,web=GCA_013397315.1
Dromaius_novaehollandiae,web=GCA_003342905.1
Dromas_ardeola,web=GCA_013398915.1
Drymodes_brunneopygia,web=GCA_013400955.1
Dryobates_pubescens,web=GCA_000699005.1
Dryoscopus_gambensis,web=GCA_013389985.1
Dugong_dugon,web=GCA_015147995.1
Dunckerocampus_dactyliophorus,web=GCA_901007775.1
Echeneis_naucrates,web=GCA_900963305.2
Echinops_telfairi,web=GCA_000313985.2
Eclectus_roratus,web=GCA_011763535.1
Ectodus_descampsii,web=GCA_015104995.1
Edolisoma_coerulescens,web=GCA_013397115.1
Egretta_garzetta,web=GCA_000687185.1
Eidolon_helvum,web=GCA_000465285.1
Elachura_formosa,web=GCA_013398795.1
Elaphurus_davidianus,web=GCA_002443075.1
Electrophorus_electricus,web=GCA_013358815.1
Elephantulus_edwardii,web=GCA_000299155.1
Elephas_maximus,web=GCA_014332765.1
Eleutheronema_tetradactylum,web=GCA_014490765.1
Ellobius_lutescens,web=GCA_001685075.1
Emberiza_fucata,web=GCA_013398835.1
Empidonax_traillii,web=GCA_003031625.1
Emydocephalus_ijimae,web=GCA_004319985.1
Emydura_subglobosa,web=GCA_007922225.1
Enantiopus_melanogenys,web=GCA_015103415.1
Enhydra_lutris_kenyoni,web=GCA_002288905.2
Entelurus_aequoreus,web=GCA_901007785.1
Entosphenus_tridentatus,web=GCA_014621495.2
Eolophus_roseicapilla,web=GCA_013397615.1
Eonycteris_spelaea,web=GCA_003508835.1
Eopsaltria_australis,web=GCA_003426825.1
Epinephelus_lanceolatus,web=GCA_005281545.1
Eptatretus_burgeri,web=GCA_900186335.2
Eptesicus_fuscus,web=GCA_000308155.1
Equus_caballus,web=GCA_002863925.1
Eremophila_alpestris_peregrina,web=GCA_009792885.1
Erethizon_dorsatum,web=GCA_006547115.1
Eretmodus_marksmithi,web=GCA_015110455.1
Erinaceus_europaeus,web=GCA_000296755.1
Erithacus_rubecula,web=GCA_903797595.2
Erpetoichthys_calabaricus,web=GCA_900747795.4
Erpornis_zantholeuca,web=GCA_013400515.1
Erythrocebus_patas,web=GCA_004027335.1
Erythrocercus_mccallii,web=GCA_013397435.1
Eschrichtius_robustus,web=GCA_002189225.1
Esox_lucius,web=GCA_011004845.1
Etheostoma_spectabile,web=GCA_008692095.1
Etia_nguti,web=GCA_015106755.1
Etroplus_canarensis,web=GCA_015106775.1
Eubalaena_japonica,web=GCA_004363455.1
Eubucco_bourcierii,web=GCA_013396675.1
Eudorcas_thomsonii,web=GCA_006408755.1
Eudromia_elegans,web=GCA_003342815.1
Eudyptes_sclateri,web=GCA_010078445.1
Eudyptula_novaehollandiae,web=GCA_010078495.1
Eulacestoma_nigropectus,web=GCA_013397775.1
Eulemur_macaco,web=GCA_001262655.1
Eumetopias_jubatus,web=GCA_004028035.1
Eupsittula_pertinax,web=GCA_011317185.1
Eurypyga_helias,web=GCA_000690775.1
Eurystomus_gularis,web=GCA_013400335.1
Falco_peregrinus,web=GCA_000337955.1
Falcunculus_frontatus,web=GCA_013398115.1
Felis_catus,web=GCA_000181335.4
Ficedula_albicollis,web=GCA_000247815.2
Fistularia_tabacaria,web=GCA_901007705.1
Formicarius_rufipectus,web=GCA_013399695.1
Fratercula_cirrhata,web=GCA_014363165.1
Fregata_magnificens,web=GCA_013389945.1
Fregetta_grallaria,web=GCA_013399335.1
Fringilla_coelebs_coelebs,web=GCA_015532645.2
Fukomys_damarensis,web=GCA_012274545.1
Fulica_atra,web=GCA_013372525.1
Fulmarus_glacialis,web=GCA_000690835.1
Fundulus_heteroclitus,web=GCA_011125445.2
Furnarius_figulus,web=GCA_013397465.1
Gadiculus_argenteus,web=GCA_900302595.1
Gadus_morhua,web=GCA_902167405.1
Galbula_dea,web=GCA_013399015.1
Galeopterus_variegatus,web=GCA_000696425.1
Gallirallus_okinawae,web=GCA_002003005.1
Gallus_gallus,web=GCA_016699485.1
Gambusia_holbrooki,web=GCA_009663075.1
Gasterosteus_aculeatus,web=GCA_017751045.1
Gavialis_gangeticus,web=GCA_001723915.1
Gavia_stellata,web=GCA_000690875.1
Gekko_japonicus,web=GCA_001447785.1
Geococcyx_californianus,web=GCA_013389885.1
Geospiza_fortis,web=GCA_000277835.1
Geothlypis_trichas,web=GCA_009764595.1
Geotrypetes_seraphini,web=GCA_902459505.2
Gephyroberyx_darwinii,web=GCA_900660455.1
Giraffa_tippelskirchi,web=GCA_013496395.1
Glareola_pratincola,web=GCA_013401295.1
Glaucidium_brasilianum,web=GCA_013399595.1
Glis_glis,web=GCA_004027185.1
Globicephala_melas,web=GCA_006547405.1
Gnathochromis_pfefferi,web=GCA_015052505.1
Gopherus_evgoodei,web=GCA_007399415.1
Gorilla_gorilla_gorilla,web=GCA_008122165.1
Gouania_willdenowi,web=GCA_900634775.2
Gracilinanus_agilis,web=GCA_016433145.1
Grallaria_varia,web=GCA_013396735.1
Grammatotria_lemairii,web=GCA_015107505.1
Grammomys_surdaster,web=GCA_004785775.1
Grantiella_picta,web=GCA_013397955.1
Graphiurus_murinus,web=GCA_004027655.1
Greenwoodochromis_christyi,web=GCA_015107935.1
Grus_nigricollis,web=GCA_004360235.1
Guaruba_guarouba,web=GCA_011800095.1
Guentherus_altivela,web=GCA_900312595.1
Gulo_gulo,web=GCA_900006375.2
Gymnarchus_niloticus,web=GCA_009936485.1
Gymnobelideus_leadbeateri,web=GCA_011680675.1
Gymnodraco_acuticeps,web=GCA_902827175.1
Gymnorhina_tibicen,web=GCA_013399875.1
Halcyon_senegalensis,web=GCA_013397595.1
Haliaeetus_albicilla,web=GCA_000691405.1
Halichoerus_grypus,web=GCA_012393455.1
Haplochromis_burtoni,web=GCA_000239415.1
Haplotaxodon_trifasciatus,web=GCA_015105275.1
Harpagifer_antarcticus,web=GCA_902827135.1
Heliornis_fulica,web=GCA_013399135.1
Helogale_parvula,web=GCA_004023845.1
Helostoma_temminkii,web=GCA_900302695.1
Hemibates_stenosoma,web=GCA_015106175.1
Hemichromis_elongatus,web=GCA_015108515.1
Hemignathus_wilsoni,web=GCA_009690805.1
Hemiprocne_comata,web=GCA_013396855.1
Hemitragus_hylocrius,web=GCA_004026825.1
Hepsetus_odoe,web=GCA_017165825.1
Herpetotheres_cachinnans,web=GCA_013399355.1
Heterocephalus_glaber,web=GCA_000247695.1
Heterochromis_multidens,web=GCA_015108495.1
Heterohyrax_brucei,web=GCA_004026845.1
Heteronetta_atricapilla,web=GCA_011075105.1
Heterotilapia_buettikoferi,web=GCA_015108575.1
Himantopus_himantopus,web=GCA_013400095.1
Hippocampus_whitei,web=GCA_901007805.1
Hippoglossus_hippoglossus,web=GCA_009819705.1
Hippolais_icterina,web=GCA_013400075.1
Hippopotamus_amphibius,web=GCA_004027065.2
Hipposideros_galeritus,web=GCA_004027415.1
Hippotragus_niger_niger,web=GCA_006942125.1
Hirundo_rustica,web=GCA_015227805.2
Holocentrus_rufus,web=GCA_900302615.1
Homo_sapiens,web=GCA_000001405.28
Hoplostethus_atlanticus,web=GCA_900660355.1
Horornis_vulcanius,web=GCA_013401035.1
Hucho_hucho,web=GCA_003317085.1
Hyaena_hyaena,web=GCA_003009895.1
Hydrochoerus_hydrochaeris,web=GCA_004027455.1
Hydrodamalis_gigas,web=GCA_013391785.1
Hydrolagus_affinis,web=GCA_012026655.1
Hydrophis_melanocephalus,web=GCA_004320005.1
Hydropotes_inermis,web=GCA_006459105.1
Hylia_prasina,web=GCA_013397195.1
Hylobates_moloch,web=GCA_009828535.2
Hypocryptadius_cinnamomeus,web=GCA_013400635.1
Hypophthalmichthys_nobilis,web=GCA_004193235.1
Hypoplectrus_puella,web=GCA_900610375.1
Hystrix_cristata,web=GCA_004026905.1
Ibidorhyncha_struthersii,web=GCA_013398815.1
Ictalurus_punctatus,web=GCA_001660625.2
Ictidomys_tridecemlineatus,web=GCA_016881025.1
Ifrita_kowaldi,web=GCA_013398055.1
Illadopsis_cleaveri,web=GCA_013399915.1
Indicator_maculatus,web=GCA_013399975.1
Indri_indri,web=GCA_004363605.1
Inia_geoffrensis,web=GCA_004363515.1
Interochromis_loocki,web=GCA_015105475.1
Irena_cyanogastra,web=GCA_013397155.1
Isoodon_auratus_barrowensis,web=GCA_904811015.1
Istiophorus_platypterus,web=GCA_016859345.1
Jacana_jacana,web=GCA_013400555.1
Jaculus_jaculus,web=GCA_000280705.1
Julidochromis_transcriptus,web=GCA_015103115.1
Junco_hyemalis,web=GCA_003829775.1
Kobus_leche_leche,web=GCA_014926565.1
Kogia_breviceps,web=GCA_004363705.1
Kryptolebias_marmoratus,web=GCA_001649575.2
Labeo_rohita,web=GCA_017311145.1
Labeotropheus_fuelleborni,web=GCA_000150875.1
Labrus_bergylta,web=GCA_900080235.1
Lacerta_agilis,web=GCA_009819535.1
Laemonema_laureysi,web=GCA_900303225.1
Lagenorhynchus_obliquidens,web=GCA_003676395.1
Lagopus_muta_japonica,web=GCA_004320205.1
Lama_guanicoe_cacsilensis,web=GCA_013239625.1
Lampris_guttatus,web=GCA_900302545.1
Lamprogrammus_exutus,web=GCA_900312555.1
Lamprologus_speciosus,web=GCA_015109675.1
Lamprotornis_superbus,web=GCA_015883425.1
Lanius_ludovicianus,web=GCA_013397235.1
Larimichthys_crocea,web=GCA_000972845.2
Larus_smithsonianus,web=GCA_013400295.1
Lasiurus_borealis,web=GCA_004026805.1
Lateolabrax_maculatus,web=GCA_004023545.1
Lates_calcarifer,web=GCA_001640805.1
Laticauda_colubrina,web=GCA_015471245.1
Latimeria_chalumnae,web=GCA_000225785.1
Leiothrix_lutea,web=GCA_013400445.1
Lemur_catta,web=GCA_004024665.1
Lepidiolamprologus_profundicola,web=GCA_015109915.1
Lepidothrix_coronata,web=GCA_001604755.1
Lepisosteus_oculatus,web=GCA_000242695.1
Leptobrachium_leishanense,web=GCA_009667805.1
Leptocoma_aspasia,web=GCA_013399835.1
Leptonychotes_weddellii,web=GCA_000349705.1
Leptosomus_discolor,web=GCA_000691785.1
Lepus_timidus,web=GCA_009760805.1
Lestradea_stappersii,web=GCA_015106895.1
Lesueurigobius_sanzi,web=GCA_900303255.1
Lethenteron_reissneri,web=GCA_015708825.1
Leuciscus_waleckii,web=GCA_900092035.1
Leucopsar_rothschildi,web=GCA_014363365.1
Leucoraja_erinacea,web=GCA_000238235.1
Lichenostomus_cassidix,web=GCA_008360975.1
Limnochromis_staneri,web=GCA_015104515.1
Limnodynastes_dumerilii,web=GCA_011038615.1
Limnothrissa_miodon,web=GCA_017657215.1
Limnotilapia_dardennii,web=GCA_015103815.1
Limosa_lapponica_baueri,web=GCA_002844005.1
Liparis_tanakae,web=GCA_006348945.1
Lipotes_vexillifer,web=GCA_000442215.1
Lithobates_catesbeianus,web=GCA_002284835.2
Litocranius_walleri,web=GCA_006410535.1
Lobochilotes_labiatus,web=GCA_015104595.1
Locustella_ochotensis,web=GCA_013400155.1
Lonchura_striata_domestica,web=GCA_005870125.1
Lontra_canadensis,web=GCA_010015895.1
Lophius_piscatorius,web=GCA_009660295.1
Lophochroa_leadbeateri,web=GCA_010015045.1
Lophotis_ruficrista,web=GCA_013396455.1
Lorius_garrulus,web=GCA_010014925.1
Lota_lota,web=GCA_900302385.1
Loxia_leucoptera,web=GCA_013396895.1
Loxodonta_africana,web=GCA_000001905.1
Lucifuga_dentata,web=GCA_014773175.1
Lutra_lutra,web=GCA_902655055.2
Lycaon_pictus,web=GCA_004216515.1
Lycocorax_pyrrhopterus_obiensis,web=GCA_014706295.1
Lynx_canadensis,web=GCA_007474595.2
Lyrurus_tetrix_tetrix,web=GCA_000586395.1
Lythrypnus_dalli,web=GCA_011763505.1
Macaca_fascicularis,web=GCA_000364345.1
Maccullochella_peelii,web=GCA_002120245.1
Machaerirhynchus_nigripectus,web=GCA_013397975.1
Macquaria_australasica,web=GCA_005408345.1
Macroglossus_sobrinus,web=GCA_004027375.1
Macroramphosus_scolopax,web=GCA_901007825.1
Macrotus_californicus,web=GCA_007922815.1
Macrourus_berglax,web=GCA_900302365.1
Madoqua_kirkii,web=GCA_006408675.1
Malaclemys_terrapin_terrapin,web=GCA_001728815.2
Malacocephalus_occidentalis,web=GCA_900312585.1
Mallotus_villosus,web=GCA_903064625.1
Malurus_elegans,web=GCA_013397995.1
Manacus_vitellinus,web=GCA_001715985.3
Mandrillus_sphinx,web=GCA_004802615.1
Manis_pentadactyla,web=GCA_014570555.1
Marmota_monax,web=GCA_014533835.1
Martes_zibellina,web=GCA_012583365.1
Mastacembelus_armatus,web=GCA_900324485.3
Mastomys_coucha,web=GCA_008632895.1
Mauremys_reevesii,web=GCA_016161935.1
Maylandia_zebra,web=GCA_000238955.5
Mchenga_conophoros,web=GCA_000150855.1
Megaderma_lyra,web=GCA_004026885.1
Megadyptes_antipodes_antipodes,web=GCA_010078485.1
Megalobrama_amblycephala,web=GCA_009869865.1
Megalops_cyprinoides,web=GCA_013368585.1
Megaptera_novaeangliae,web=GCA_004329385.1
Melanerpes_aurifrons,web=GCA_011125475.1
Melanocharis_versteri,web=GCA_013397845.1
Melanochromis_auratus,web=GCA_000150895.1
Melanogrammus_aeglefinus,web=GCA_900291075.1
Melanonus_zugmayeri,web=GCA_900302345.1
Melanotaenia_boesemani,web=GCA_017639745.1
Meleagris_gallopavo,web=GCA_000146605.4
Mellivora_capensis,web=GCA_004024625.1
Melopsittacus_undulatus,web=GCA_012275295.1
Melospiza_melodia,web=GCA_013398205.1
Menidia_beryllina,web=GCA_013363375.1
Menura_novaehollandiae,web=GCA_013396355.1
Meriones_unguiculatus,web=GCA_002204375.1
Merlangius_merlangus,web=GCA_900323355.1
Merluccius_polli,web=GCA_900312625.1
Merops_nubicus,web=GCA_000691845.1
Mesembrinibis_cayennensis,web=GCA_013399675.1
Mesitornis_unicolor,web=GCA_000695765.1
Mesoclemmys_tuberculata,web=GCA_007922155.1
Mesocricetus_auratus,web=GCA_017639785.1
Mesoplodon_bidens,web=GCA_004027085.1
Microcaecilia_unicolor,web=GCA_901765095.2
Microcebus_tavaratra,web=GCA_008750935.1
Microgale_talazaci,web=GCA_004026705.1
Micronycteris_hirsuta,web=GCA_004026765.1
Microperoryctes_longicauda_magnus,web=GCA_904814325.1
Micropterus_salmoides,web=GCA_014851395.1
Microtus_agrestis,web=GCA_902806775.1
Miichthys_miiuy,web=GCA_001593715.1
Miniopterus_schreibersii,web=GCA_004026525.1
Mionectes_macconnelli,web=GCA_013397495.1
Mirounga_leonina,web=GCA_011800145.1
Mirza_zaza,web=GCA_008750895.1
Mixornis_gularis,web=GCA_003546035.1
Mohoua_ochrocephala,web=GCA_013398855.1
Mola_mola,web=GCA_001698575.1
Molossus_molossus,web=GCA_014108415.1
Molothrus_ater,web=GCA_012460135.1
Molva_molva,web=GCA_900323295.1
Monocentris_japonicus,web=GCA_900323365.1
Monodelphis_domestica,web=GCA_000002295.1
Monodon_monoceros,web=GCA_005190385.2
Monopterus_albus,web=GCA_001952655.1
Montifringilla_adamsi,web=GCA_017590115.1
Mora_moro,web=GCA_900303205.1
Mormoops_blainvillei,web=GCA_004026545.1
Mormyrus_lacerda,web=GCA_015163995.1
Morone_saxatilis,web=GCA_004916995.1
Moschus_moschiferus,web=GCA_004024705.2
Motacilla_alba,web=GCA_013397355.1
Mugilogobius_chulae,web=GCA_016735935.1
Mullus_surmuletus,web=GCA_903171835.1
Mungos_mungo,web=GCA_004023785.1
Muntiacus_muntjak,web=GCA_008782695.1
Muraenolepis_marmorata,web=GCA_900302325.1
Murina_aurata_feae,web=GCA_004026665.1
Muscardinus_avellanarius,web=GCA_004027005.1
Mus_musculus,web=GCA_000001635.9
Mustela_erminea,web=GCA_009829155.1
Myanophis_thanlyinensis,web=GCA_017656035.1
Myiagra_hebetior,web=GCA_013397015.1
Myiopsitta_monachus,web=GCA_017639245.1
Myocastor_coypus,web=GCA_004027025.1
Myodes_glareolus,web=GCA_004368595.1
Myotis_myotis,web=GCA_014108235.1
Myoxocephalus_scorpius,web=GCA_900312955.1
Myripristis_murdjan,web=GCA_902150065.1
Myrmecophaga_tridactyla,web=GCA_004026745.1
Mystacornis_crossleyi,web=GCA_013400655.1
Naja_naja,web=GCA_009733165.1
Nanger_granti,web=GCA_006408635.1
Nannospalax_galili,web=GCA_000622305.1
Nanorana_parkeri,web=GCA_000935625.1
Nasalis_larvatus,web=GCA_000772465.1
Nematolebias_whitei,web=GCA_014905685.2
Neoceratodus_forsteri,web=GCA_016271365.1
Neodrepanis_coruscans,web=GCA_013400695.1
Neogobius_melanostomus,web=GCA_007210695.1
Neolamprologus_hecqui,web=GCA_015102335.1
Neomonachus_schauinslandi,web=GCA_002201575.1
Neoniphon_sammara,web=GCA_900302535.1
Neopelma_chrysocephalum,web=GCA_003984885.2
Neophocaena_asiaeorientalis_asiaeorientalis,web=GCA_003031525.2
Neopipo_cinnamomea,web=GCA_013397415.1
Neostethus_bicornis,web=GCA_902685375.1
Neotoma_lepida,web=GCA_001675575.1
Neotragus_pygmaeus,web=GCA_006410875.1
Neovison_vison,web=GCA_900108605.1
Nerophis_ophidion,web=GCA_901007905.1
Nesospiza_acunhae,web=GCA_013398715.1
Nestor_notabilis,web=GCA_000696875.1
Nettapus_auritus,web=GCA_011076525.1
Nibea_albiflora,web=GCA_014281875.1
Nicator_chloris,web=GCA_013400495.1
Nipponia_nippon,web=GCA_000708225.1
Nisaetus_nipalensis,web=GCA_012487455.1
Noctilio_leporinus,web=GCA_004026585.1
Nomascus_leucogenys,web=GCA_006542625.1
Notamacropus_eugenii,web=GCA_000004035.1
Notechis_scutatus,web=GCA_900518725.1
Nothobranchius_furzeri,web=GCA_001465895.2
Nothocercus_nigrocapillus,web=GCA_013398345.1
Nothoprocta_perdicaria,web=GCA_003342845.1
Notiomystis_cincta,web=GCA_013398075.1
Notolabrus_celidotus,web=GCA_009762535.1
Notothenia_coriiceps,web=GCA_000735185.1
Novumbra_hubbsi,web=GCA_016801125.1
Numida_meleagris,web=GCA_002078875.2
Nyctereutes_procyonoides,web=GCA_905146905.1
Nyctibius_grandis,web=GCA_013368605.1
Nycticebus_coucang,web=GCA_004027815.1
Nycticeius_humeralis,web=GCA_007922795.1
Nycticryphes_semicollaris,web=GCA_013400055.1
Nyctiprogne_leucopyga,web=GCA_013399395.1
Nymphicus_hollandicus,web=GCA_009823435.1
Oceanites_oceanicus,web=GCA_013396615.1
Oceanodroma_tethys,web=GCA_013397025.1
Ochotona_princeps,web=GCA_014633375.1
Octodon_degus,web=GCA_000260255.1
Octomys_mimax,web=GCA_002564305.1
Odobenus_rosmarus_divergens,web=GCA_000321225.1
Odocoileus_virginianus,web=GCA_014726795.1
Odontesthes_bonariensis,web=GCA_014825785.1
Odontophorus_gujanensis,web=GCA_013399175.1
Oenanthe_oenanthe,web=GCA_013399995.1
Okapia_johnstoni,web=GCA_001660835.1
Ompok_bimaculatus,web=GCA_009108245.1
Oncorhynchus_mykiss,web=GCA_013265735.3
Ondatra_zibethicus,web=GCA_004026605.1
Onychomys_torridus,web=GCA_903995425.1
Onychorhynchus_coronatus,web=GCA_013397825.1
Onychostoma_macrolepis,web=GCA_012432095.1
Onychostruthus_taczanowskii,web=GCA_017590055.1
Oophaga_pumilio,web=GCA_009801035.1
Ophiodon_elongatus,web=GCA_016806645.1
Ophiophagus_hannah,web=GCA_000516915.1
Ophthalmotilapia_ventralis,web=GCA_015105175.1
Opisthocomus_hoazin,web=GCA_000692075.1
Oplegnathus_fasciatus,web=GCA_003416845.1
Opsanus_beta,web=GCA_900660325.1
Orcinus_orca,web=GCA_000331955.2
Oreamnos_americanus,web=GCA_009758055.1
Oreocharis_arfaki,web=GCA_013398015.1
Oreochromis_niloticus,web=GCA_001858045.3
Oreotragus_oreotragus,web=GCA_006410675.1
Oreotrochilus_melanogaster,web=GCA_013400995.1
Orientallactaga_bullata,web=GCA_004027895.1
Origma_solitaria,web=GCA_013397895.1
Oriolus_oriolus,web=GCA_013400235.1
Ornithorhynchus_anatinus,web=GCA_004115215.4
Orthochromis_indermauri,web=GCA_015103075.1
Orthonyx_spaldingii,web=GCA_013397795.1
Orycteropus_afer,web=GCA_004365145.1
Oryctolagus_cuniculus,web=GCA_000003625.1
Oryx_gazella,web=GCA_003945745.1
Oryzias_latipes,web=GCA_002234675.1
Osmerus_eperlanus,web=GCA_900302275.1
Otocyon_megalotis_megalotis,web=GCA_017311455.1
Otolemur_garnettii,web=GCA_000181295.3
Otus_sunia,web=GCA_010365825.1
Ourebia_ourebi,web=GCA_006417275.1
Ovis_aries,web=GCA_002742125.1
Oxygymnocypris_stewartii,web=GCA_003573665.1
Oxylabes_madagascariensis,web=GCA_013400675.1
Oxyruncus_cristatus,web=GCA_013399855.1
Oxyura_jamaicensis,web=GCA_011077185.1
Pachycephala_philippinensis,web=GCA_013397055.1
Pachypanchax_playfairii,web=GCA_006937955.1
Pachyramphus_minor,web=GCA_013397135.1
Pagrus_major,web=GCA_002897255.1
Pampus_argenteus,web=GCA_000697985.1
Pandion_haliaetus,web=GCA_013401275.1
Pangasianodon_hypophthalmus,web=GCA_009078355.1
Panthera_leo,web=GCA_008795835.1
Pantherophis_obsoletus,web=GCA_012654085.1
Pantholops_hodgsonii,web=GCA_000400835.1
Pan_troglodytes,web=GCA_002880755.3
Panurus_biarmicus,web=GCA_013398035.1
Pao_palembangensis,web=GCA_015343265.1
Papio_anubis,web=GCA_008728515.1
Parablennius_parvicornis,web=GCA_900302745.1
Paracyprichromis_nigripinnis,web=GCA_015103275.1
Paradisaea_rubra,web=GCA_003713215.1
Paradoxurus_hermaphroditus,web=GCA_004024585.1
Paralichthys_olivaceus,web=GCA_001970005.2
Parambassis_ranga,web=GCA_900634625.2
Paramormyrops_kingsleyae,web=GCA_002872115.1
Paraplagusia_blochii,web=GCA_016785265.1
Parasudis_fraserbrunneri,web=GCA_900302295.1
Paratilapia_polleni,web=GCA_015106735.1
Pardalotus_punctatus,web=GCA_013400915.1
Paroedura_picta,web=GCA_003118565.1
Parotia_lawesii,web=GCA_003713295.1
Parus_major,web=GCA_001522545.3
Passerina_amoena,web=GCA_013401095.1
Passer_montanus,web=GCA_014805655.1
Patagioenas_fasciata_monilis,web=GCA_002029285.1
Pavo_muticus,web=GCA_016647715.1
Pedetes_capensis,web=GCA_007922755.1
Pedionomus_torquatus,web=GCA_013398155.1
Pelecanoides_urinatrix,web=GCA_013400755.1
Pelecanus_crispus,web=GCA_000687375.1
Pelmatolapia_mariae,web=GCA_015106675.1
Pelodiscus_sinensis,web=GCA_000230535.1
Pelusios_castaneus,web=GCA_007922175.1
Pelvicachromis_taeniatus,web=GCA_015108175.1
Penelope_pileata,web=GCA_013396635.1
Perca_fluviatilis,web=GCA_010015445.1
Percina_caprodes,web=GCA_013375575.1
Percopsis_transmontana,web=GCA_900302285.1
Periophthalmodon_schlosseri,web=GCA_000787095.1
Periophthalmus_magnuspinnatus,web=GCA_009829125.1
Perissodus_multidentatus,web=GCA_015106075.1
Perognathus_longimembris_pacificus,web=GCA_004363475.1
Peromyscus_maniculatus_bairdii,web=GCA_000500345.1
Petrochromis_trewavasae,web=GCA_902810495.1
Petrogale_xanthopus_xanthopus,web=GCA_904812355.1
Petromus_typicus,web=GCA_004026965.1
Petromyzon_marinus,web=GCA_010993605.1
Peucedramus_taeniatus,web=GCA_013400575.1
Phacochoerus_africanus,web=GCA_016906955.1
Phaethon_lepturus,web=GCA_000687285.1
Phaetusa_simplex,web=GCA_013399535.1
Phainopepla_nitens,web=GCA_013400175.1
Phalacrocorax_pelagicus,web=GCA_002173435.1
Pharyngochromis_acuticeps,web=GCA_015108475.1
Phascolarctos_cinereus,web=GCA_002099425.1
Phasianus_colchicus,web=GCA_004143745.1
Phataginus_tricuspis,web=GCA_004765945.1
Pheucticus_melanocephalus,web=GCA_013398405.1
Philantomba_maxwellii,web=GCA_006410695.1
Phoca_vitulina,web=GCA_004348235.1
Phocoena_sinus,web=GCA_008692025.1
Phodopus_sungorus,web=GCA_001707965.1
Phoebastria_albatrus,web=GCA_014363385.1
Phoenicopterus_ruber_ruber,web=GCA_009819775.1
Phycis_phycis,web=GCA_900302335.1
Phyllostomus_discolor,web=GCA_004126475.3
Physeter_catodon,web=GCA_002837175.2
Piaya_cayana,web=GCA_013389865.1
Picathartes_gymnocephalus,web=GCA_013390045.1
Piliocolobus_tephrosceles,web=GCA_002776525.3
Pimephales_promelas,web=GCA_016745375.1
Pionus_senilis,web=GCA_011762725.1
Pipistrellus_pipistrellus,web=GCA_903992545.1
Pipra_filicauda,web=GCA_003945595.2
Piprites_chloris,web=GCA_013399295.1
Pithecia_pithecia,web=GCA_004026645.1
Pitta_sordida,web=GCA_013390025.1
Planiliza_haematocheilus,web=GCA_005024645.1
Platanista_minor,web=GCA_004363435.1
Platichthys_stellatus,web=GCA_016801935.1
Platyplectrum_ornatum,web=GCA_016617825.1
Platysteira_castanea,web=GCA_013397175.1
Platysternon_megacephalum,web=GCA_003942145.1
Plecodus_straeleni,web=GCA_015105735.1
Plectropomus_leopardus,web=GCA_011397275.1
Plecturocebus_donacophilus,web=GCA_004027715.1
Ploceus_nigricollis,web=GCA_013399945.1
Pluvialis_apricaria,web=GCA_017639485.1
Pluvianellus_socialis,web=GCA_013400795.1
Podarcis_muralis,web=GCA_004329235.1
Podargus_strigoides,web=GCA_013399755.1
Podiceps_cristatus,web=GCA_000699545.1
Podilymbus_podiceps,web=GCA_013399565.1
Podocnemis_expansa,web=GCA_007922195.1
Poecile_atricapillus,web=GCA_011421415.1
Poecilia_formosa,web=GCA_000485575.1
Poeciliopsis_turrubarensis,web=GCA_010277015.1
Pogona_vitticeps,web=GCA_900067755.1
Pogoniulus_pusillus,web=GCA_015220805.1
Polioptila_caerulea,web=GCA_013397295.1
Pollachius_virens,web=GCA_900312635.1
Polydactylus_sextarius,web=GCA_016801845.1
Polymixia_japonica,web=GCA_900302305.1
Polyodon_spathula,web=GCA_017654505.1
Polypterus_senegalus,web=GCA_016835505.1
Pomatorhinus_ruficollis,web=GCA_013401195.1
Pomatostomus_ruficeps,web=GCA_013400735.1
Pongo_abelii,web=GCA_002880775.3
Pontoporia_blainvillei,web=GCA_011754075.1
Poropuntius_huangchuchieni,web=GCA_004124795.1
Potos_flavus,web=GCA_015708855.1
Prionailurus_bengalensis,web=GCA_018119505.1
Pristis_pectinata,web=GCA_009764475.2
Probosciger_aterrimus,web=GCA_013397665.1
Procapra_przewalskii,web=GCA_006410515.1
Procavia_capensis,web=GCA_004026925.2
Procyon_lotor,web=GCA_015708975.1
Prolemur_simus,web=GCA_003258685.1
Promerops_cafer,web=GCA_013398275.1
Propithecus_coquereli,web=GCA_000956105.1
Proteles_cristata_cristata,web=GCA_017311185.1
Protobothrops_mucrosquamatus,web=GCA_001527695.3
Protosalanx_chinensis,web=GCA_010882115.1
Prunella_himalayana,web=GCA_013398875.1
Przewalskium_albirostris,web=GCA_006408465.1
Psammomys_obesus,web=GCA_002215935.2
Psettodes_erumei,web=GCA_016785225.1
Pseudochaenichthys_georgianus,web=GCA_902827115.1
Pseudochromis_fuscus,web=GCA_900323345.1
Pseudois_nayaur,web=GCA_003182575.1
Pseudonaja_textilis,web=GCA_900518735.1
Pseudopleuronectes_yokohamae,web=GCA_000787555.1
Pseudopodoces_humilis,web=GCA_000331425.1
Pseudorectes_ferrugineus,web=GCA_008033365.1
Pseudorhombus_dupliciocellatus,web=GCA_016785235.1
Pseudosimochromis_marginatus,web=GCA_015052565.1
Psilopogon_haemacephalus,web=GCA_013396835.1
Psittacula_krameri,web=GCA_002870145.1
Psittacus_timneh,web=GCA_009867315.1
Psitteuteles_goldiei,web=GCA_010014875.1
Psophia_crepitans,web=GCA_013399095.1
Pterocles_gutturalis,web=GCA_000699245.1
Pteronotus_parnellii,web=GCA_000465405.1
Pteronura_brasiliensis,web=GCA_004024605.1
Pteropus_vampyrus,web=GCA_000151845.2
Pteruthius_melanotis,web=GCA_013401235.1
Ptilonorhynchus_violaceus,web=GCA_013397565.1
Ptilorrhoa_leucosticta,web=GCA_013396485.1
Ptyas_mucosa,web=GCA_012654045.1
Ptychochromis_oligocanthus,web=GCA_015103295.1
Puma_concolor,web=GCA_003327715.1
Pundamilia_nyererei,web=GCA_000239375.1
Pungitius_pungitius,web=GCA_902500615.3
Pungu_maclareni,web=GCA_015708565.1
Pycnonotus_jocosus,web=GCA_013400435.1
Pygathrix_nemaeus,web=GCA_004024825.1
Pygocentrus_nattereri,web=GCA_015220715.1
Pygoscelis_papua,web=GCA_010090195.1
Pyrgilauda_ruficollis,web=GCA_017590135.1
Pyrrhura_perlata,web=GCA_011763455.1
Python_bivittatus,web=GCA_000186305.2
Pyxicephalus_adspersus,web=GCA_004786255.1
Quiscalus_mexicanus,web=GCA_013399035.1
Ramphastos_sulfuratus,web=GCA_013399055.1
Rana_temporaria,web=GCA_905171775.1
Rangifer_tarandus,web=GCA_004026565.1
Raphicerus_campestris,web=GCA_006410735.1
Rattus_rattus,web=GCA_011064425.1
Recurvirostra_avosetta,web=GCA_004023745.1
Redunca_redunca,web=GCA_006410935.1
Regalecus_glesne,web=GCA_900302585.1
Reganochromis_calliurus,web=GCA_015104255.1
Regulus_satrapa,web=GCA_013396955.1
Reinhardtius_hippoglossoides,web=GCA_006182925.3
Rhabdornis_inornatus,web=GCA_013397075.1
Rhadina_sibilatrix,web=GCA_013400275.1
Rhagologus_leucostigma,web=GCA_013397725.1
Rhamphochromis_esox,web=GCA_000150935.1
Rhea_pennata,web=GCA_003342835.1
Rhegmatorhina_hoffmannsi,web=GCA_013398505.2
Rhinatrema_bivittatum,web=GCA_901001135.2
Rhincodon_typus,web=GCA_013626285.1
Rhinella_marina,web=GCA_900303285.1
Rhinolophus_ferrumequinum,web=GCA_004115265.3
Rhinopithecus_roxellana,web=GCA_007565055.1
Rhinopomastus_cyanomelas,web=GCA_013400115.1
Rhinoptilus_africanus,web=GCA_013400135.1
Rhipidura_dahli,web=GCA_013399225.1
Rhizomys_pruinosus,web=GCA_009823505.1
Rhodinocichla_rosea,web=GCA_013396575.1
Rhombomys_opimus,web=GCA_010120015.1
Rhynochetos_jubatus,web=GCA_013398095.1
Rissa_tridactyla,web=GCA_013401015.1
Rondeletia_loricata,web=GCA_900302605.1
Rostratula_benghalensis,web=GCA_013399305.1
Rousettus_aegyptiacus,web=GCA_014176215.1
Rynchops_niger,web=GCA_013400035.1
Sagittarius_serpentarius,web=GCA_013399415.1
Saguinus_imperator,web=GCA_004024885.1
Saiga_tatarica,web=GCA_004024985.1
Saimiri_boliviensis_boliviensis,web=GCA_016699345.1
Sakesphorus_luctuosus,web=GCA_013396695.1
Salarias_fasciatus,web=GCA_902148845.1
Salmo_salar,web=GCA_000233375.4
Salvator_merianae,web=GCA_003586115.2
Salvelinus_namaycush,web=GCA_016432855.1
Sander_vitreus,web=GCA_009193085.1
Sapajus_apella,web=GCA_009761245.1
Sapayoa_aenigma,web=GCA_013398745.1
Sarcophilus_harrisii,web=GCA_902635505.1
Sardina_pilchardus,web=GCA_003604335.1
Sargochromis_carlottae,web=GCA_015106635.1
Sarotherodon_lohbergeri,web=GCA_015708405.1
Saxicola_maurus_maurus,web=GCA_900205225.1
Scalopus_aquaticus,web=GCA_004024925.1
Scaphiopus_holbrookii,web=GCA_009364455.1
Scartelaos_histophorus,web=GCA_000787155.1
Sceloporus_tristichus,web=GCA_016801065.1
Sciaenops_ocellatus,web=GCA_014183145.1
Sciurus_vulgaris,web=GCA_902686455.2
Scleropages_formosus,web=GCA_900964775.1
Sclerurus_mexicanus,web=GCA_013396755.1
Scolopax_mira,web=GCA_004320125.1
Scophthalmus_maximus,web=GCA_013347765.1
Scopus_umbretta,web=GCA_013400535.1
Scyliorhinus_canicula,web=GCA_902713615.2
Scytalopus_superciliaris,web=GCA_013400415.1
Sebastes_umbrosus,web=GCA_015220745.1
Selene_dorsalis,web=GCA_900303245.1
Semnopithecus_entellus,web=GCA_004025065.1
Semnornis_frantzii,web=GCA_013399775.1
Serilophus_lunatus,web=GCA_013399895.1
Serinus_canaria,web=GCA_007115625.1
Seriola_quinqueradiata,web=GCA_002217815.1
Serranochromis_macrocephalus,web=GCA_015106695.1
Serranus_cabrilla,web=GCA_903364295.1
Setophaga_kirtlandii,web=GCA_013399655.1
Sialia_sialis,web=GCA_009812075.1
Sigmodon_hispidus,web=GCA_004025045.1
Silurus_meridionalis,web=GCA_014805685.1
Simochromis_diagramma,web=GCA_900408965.1
Siniperca_knerii,web=GCA_011952075.1
Sinocyclocheilus_rhinocerous,web=GCA_001515625.1
Sinosuthora_webbiana,web=GCA_013397395.1
Sitta_europaea,web=GCA_013400255.1
Smithornis_capensis,web=GCA_013396465.1
Solenodon_paradoxus,web=GCA_004363575.1
Sorex_araneus,web=GCA_000181275.2
Sousa_chinensis,web=GCA_007760645.1
Sparus_aurata,web=GCA_900880675.2
Spathodus_marlieri,web=GCA_015110135.1
Spea_multiplicata,web=GCA_009364415.1
Spermophilus_dauricus,web=GCA_002406435.1
Sphaeramia_orbicularis,web=GCA_902148855.1
Spheniscus_magellanicus,web=GCA_010076225.1
Sphenodon_punctatus,web=GCA_003113815.1
Spilogale_gracilis,web=GCA_004023965.1
Spizaetus_tyrannus,web=GCA_013399215.1
Spizella_passerina,web=GCA_013401375.1
Spondyliosoma_cantharus,web=GCA_900302685.1
Sporophila_hypoxantha,web=GCA_002167245.1
Squalius_pyrenaicus,web=GCA_001403095.1
Steatornis_caripensis,web=GCA_013398225.1
Stegastes_partitus,web=GCA_000690725.1
Stercorarius_parasiticus,web=GCA_013396915.1
Sterna_hirundo,web=GCA_009819605.1
Sterrhoptilus_dennistouni,web=GCA_013397095.1
Stictonetta_naevosa,web=GCA_011074415.1
Stomatepia_pindu,web=GCA_015708495.1
Streptopelia_turtur,web=GCA_901699155.2
Strigops_habroptila,web=GCA_004027225.2
Strix_occidentalis_caurina,web=GCA_002372975.2
Struthidea_cinerea,web=GCA_013397865.1
Struthio_camelus_australis,web=GCA_000698965.1
Sturnira_hondurensis,web=GCA_014824575.2
Sturnus_vulgaris,web=GCA_001447265.1
Stylephorus_chordatus,web=GCA_900312615.1
Sula_dactylatra,web=GCA_013389905.1
Suricata_suricatta,web=GCA_006229205.1
Sus_scrofa,web=GCA_000003025.6
Sylvia_borin,web=GCA_014839755.1
Sylvicapra_grimmia,web=GCA_006408735.1
Sylvietta_virens,web=GCA_013399515.1
Sylvilagus_bachmani,web=GCA_015711505.1
Symphodus_melops,web=GCA_002819105.1
Syncerus_caffer,web=GCA_902825105.1
Syngnathus_acus,web=GCA_901709675.2
Syrmaticus_mikado,web=GCA_003435085.1
Syrrhaptes_paradoxus,web=GCA_013400615.1
Tachuris_rubrigastra,web=GCA_013396555.1
Tachycineta_bicolor,web=GCA_007636935.1
Tachyglossus_aculeatus,web=GCA_015852505.1
Tachysurus_fulvidraco,web=GCA_003724035.1
Tadarida_brasiliensis,web=GCA_004025005.1
Taeniopygia_guttata,web=GCA_008822105.2
Takifugu_rubripes,web=GCA_901000725.3
Talpa_occidentalis,web=GCA_014898055.1
Tamandua_tetradactyla,web=GCA_004025105.1
Tangachromis_dhanisi,web=GCA_015113095.1
Tanganicodus_irsacae,web=GCA_015110155.1
Tapirus_terrestris,web=GCA_004025025.1
Tauraco_erythrolophus,web=GCA_000709365.1
Taxidea_taxus_jeffersonii,web=GCA_003697995.1
Telmatochromis_vittatus,web=GCA_015107575.1
Tenualosa_ilisha,web=GCA_015244755.2
Terrapene_carolina_triunguis,web=GCA_002925995.2
Tetraodon_nigroviridis,web=GCA_000180735.1
Tetrax_tetrax,web=GCA_009806455.1
Thalassarche_chlororhynchos,web=GCA_013400895.1
Thalassoma_bifasciatum,web=GCA_008086565.1
Thalassophryne_amazonica,web=GCA_902500255.1
Thaleichthys_pacificus,web=GCA_017311245.1
Thamnaconus_septentrionalis,web=GCA_009823395.1
Thamnophis_elegans,web=GCA_009769535.1
Thermophis_baileyi,web=GCA_003457575.1
Theropithecus_gelada,web=GCA_003255815.1
Thinocorus_orbignyianus,web=GCA_013400375.1
Thoracochromis_brauschi,web=GCA_015106615.1
Thryonomys_swinderianus,web=GCA_004025085.1
Thryothorus_ludovicianus,web=GCA_013397245.1
Thunnus_orientalis,web=GCA_009176245.1
Thylacinus_cynocephalus,web=GCA_007646695.1
Thymallus_thymallus,web=GCA_004348285.1
Tichodroma_muraria,web=GCA_013390105.1
Tilapia_sparmanii,web=GCA_015108415.1
Tinamus_guttatus,web=GCA_000705375.2
Todus_mexicanus,web=GCA_013389965.1
Tolypeutes_matacus,web=GCA_004025125.1
Tonatia_saurophila,web=GCA_004024845.1
Toxostoma_redivivum,web=GCA_013397375.1
Toxotes_jaculatrix,web=GCA_017976425.1
Trachemys_scripta_elegans,web=GCA_013100865.1
Trachinotus_ovatus,web=GCA_900607315.1
Trachurus_trachurus,web=GCA_905171665.1
Trachypithecus_francoisi,web=GCA_009764315.1
Trachyrincus_scabrus,web=GCA_900303215.1
Tragelaphus_strepsiceros,web=GCA_006410795.1
Tragulus_kanchil,web=GCA_006408655.1
Trematocara_zebra,web=GCA_015110815.1
Trematochromis_benthicola,web=GCA_015103355.1
Trematomus_bernacchii,web=GCA_902827165.1
Trichechus_manatus_latirostris,web=GCA_000243295.1
Tricholaema_leucomelas,web=GCA_013400475.1
Trichosurus_vulpecula,web=GCA_011100635.1
Triglachromis_otostigma,web=GCA_015107115.1
Trinectes_maculatus,web=GCA_016785345.1
Triplophysa_tibetana,web=GCA_008369825.1
Trisopterus_minutus,web=GCA_900302415.1
Trogon_melanurus,web=GCA_013399275.1
Tropheus_moorii,web=GCA_902810505.1
Tupaia_tana,web=GCA_004365275.1
Turdus_rufiventris,web=GCA_013186435.1
Turnix_velox,web=GCA_013400935.1
Tursiops_truncatus,web=GCA_011762595.1
Tylochromis_polylepis,web=GCA_015107715.1
Tympanoctomys_barrerae,web=GCA_002564285.1
Tympanuchus_cupido_pinnatus,web=GCA_001870855.1
Typhlichthys_subterraneus,web=GCA_900302405.1
Tyrannus_savana,web=GCA_013399735.1
Tyto_alba,web=GCA_000687205.1
Umbra_pygmaea,web=GCA_016801145.1
Upupa_epops,web=GCA_013397515.1
Uria_aalge,web=GCA_013401055.1
Urocitellus_parryii,web=GCA_003426925.1
Urocolius_indicus,web=GCA_013401255.1
Urocynchramus_pylzowi,web=GCA_013397555.1
Uropsilus_gracilis,web=GCA_004024945.1
Ursus_thibetanus_thibetanus,web=GCA_009660055.1
Varanus_komodoensis,web=GCA_004798865.1
Variabilichromis_moorii,web=GCA_015102225.1
Verasper_variegatus,web=GCA_013332515.1
Vicugna_pacos,web=GCA_000164845.4
Vidua_macroura,web=GCA_013400395.1
Vipera_berus_berus,web=GCA_000800605.1
Vireo_altiloquus,web=GCA_013396875.1
Vombatus_ursinus,web=GCA_900497805.2
Vulpes_vulpes,web=GCA_003160815.1
Xenentodon_cancila,web=GCA_014839995.1
Xenochromis_hecqui,web=GCA_015107655.1
Xenopus_tropicalis,web=GCA_000004195.4
Xenotilapia_sima,web=GCA_015102085.1
Xerus_inauris,web=GCA_004024805.1
Xiphias_gladius,web=GCA_016859285.1
Xiphophorus_maculatus,web=GCA_002775205.2
Xiphorhynchus_elegans,web=GCA_013401175.1
Zalophus_californianus,web=GCA_009762305.2
Zapornia_atra,web=GCA_013400835.1
Zapus_hudsonius,web=GCA_004024765.1
Zeus_faber,web=GCA_900323335.1
Ziphius_cavirostris,web=GCA_004364475.1
Zonotrichia_albicollis,web=GCA_000385455.1
Zootoca_vivipara,web=GCA_011800845.1
Zosterops_pallidus,web=GCA_007556475.1
